{"credit":"Model by CyanideX","render_type":"minecraft:cutout","parent":"block/cube_all","textures":{"2":"mekanism:block/models/ports","3":"mekanism:block/models/ports_led","4":"mekanism:block/models/chargepad_elements","5":"mekanism:block/bottom","all":"mekanism:block/models/chargepad","particle":"mekanism:block/steel_casing"},"elements":[{"name":"pillar2","from":[4,1,11.99],"to":[6,8,13.99],"faces":{"north":{"uv":[4,0,2,7],"texture":"#4"},"east":{"uv":[2,0,4,7],"texture":"#4"},"south":{"uv":[2,7,4,14],"texture":"#4"},"west":{"uv":[2,7,4,14],"texture":"#4"},"up":{"uv":[2,12,4,14],"texture":"#4"}}},{"name":"pillar1","from":[10,1,11.99],"to":[12,8,13.99],"faces":{"north":{"uv":[2,0,4,7],"texture":"#4"},"east":{"uv":[2,7,4,14],"texture":"#4"},"south":{"uv":[2,7,4,14],"texture":"#4"},"west":{"uv":[4,0,2,7],"texture":"#4"},"up":{"uv":[2,12,4,14],"texture":"#4"}}},{"name":"base","from":[0,0,0],"to":[16,1,16],"faces":{"north":{"uv":[0,1,16,0],"texture":"#all","cullface":"north"},"east":{"uv":[15,16,16,0],"rotation":90,"texture":"#all","cullface":"east"},"south":{"uv":[0,16,16,15],"texture":"#all","cullface":"south"},"west":{"uv":[0,16,1,0],"rotation":90,"texture":"#all","cullface":"west"},"up":{"uv":[0,16,16,0],"texture":"#all"},"down":{"uv":[0,16,16,0],"texture":"#5","cullface":"down"}}},{"name":"connector","from":[5,5,14],"to":[11,11,15],"faces":{"east":{"uv":[8,12,14,13],"texture":"#4"},"west":{"uv":[8,12,14,13],"texture":"#4"},"up":{"uv":[8,12,14,13],"texture":"#4"},"down":{"uv":[8,12,14,13],"texture":"#4"}}},{"name":"stand","from":[5,1,13],"to":[11,11,14],"faces":{"north":{"uv":[4,1,10,11],"texture":"#4"},"east":{"uv":[9,1,10,11],"texture":"#4"},"south":{"uv":[10,1,16,11],"texture":"#4"},"west":{"uv":[4,1,5,11],"texture":"#4"},"up":{"uv":[4,0,10,1],"texture":"#4"}}},{"name":"plug","from":[7,4,11],"to":[9,5,13],"faces":{"north":{"uv":[15,7,16,6.5],"texture":"#all"},"east":{"uv":[15,6,15.5,7],"rotation":270,"texture":"#all"},"west":{"uv":[15,6,15.5,7],"rotation":90,"texture":"#all"},"up":{"uv":[15,7,15.5,6],"texture":"#all"},"down":{"uv":[15,6,15.5,7],"texture":"#all"}}},{"name":"port","from":[4,4,15],"to":[12,12,16],"faces":{"north":{"uv":[0,8,8,16],"texture":"#2"},"east":{"uv":[7,0,8,8],"texture":"#2"},"south":{"uv":[0,0,8,8],"texture":"#2","cullface":"south"},"west":{"uv":[0,0,1,8],"texture":"#2"},"up":{"uv":[0,0,8,1],"texture":"#2"},"down":{"uv":[0,7,8,8],"texture":"#2"}}},{"name":"port_led","from":[4,4,16],"to":[12,12,16],"faces":{"south":{"uv":[8,8,16,16],"texture":"#3","cullface":"south","emissivity":15}}}],"display":{"thirdperson_righthand":{"rotation":[75,45,0],"translation":[0,2.5,0],"scale":[0.375,0.375,0.375]},"thirdperson_lefthand":{"rotation":[75,45,0],"translation":[0,2.5,0],"scale":[0.375,0.375,0.375]},"firstperson_righthand":{"rotation":[0,135,0],"translation":[0,1.25,0],"scale":[0.4,0.4,0.4]},"firstperson_lefthand":{"rotation":[0,135,0],"translation":[0,1.25,0],"scale":[0.4,0.4,0.4]},"ground":{"translation":[0,3,0],"scale":[0.25,0.25,0.25]},"gui":{"rotation":[30,225,0],"scale":[0.625,0.625,0.625]},"head":{"translation":[0,14,0]},"fixed":{"rotation":[-90,0,0],"translation":[0,0,-4],"scale":[0.5,0.5,0.5]}}}