{"loader":"forge:composite","parent":"block/block","textures":{"particle":"mekanism:block/bottom"},"children":{"cutout":{"render_type":"minecraft:cutout","textures":{"0":"mekanism:block/models/ports_led","1":"mekanism:block/models/ports_large","2":"mekanism:block/models/ports_large_led","3":"mekanism:block/models/ports","4":"mekanism:block/models/chemical_dissolution_chamber_1","5":"mekanism:block/models/chemical_dissolution_chamber_2","6":"mekanism:block/bottom"},"elements":[{"name":"base","from":[0,0,0],"to":[16,7,16],"faces":{"north":{"uv":[0,8,8,11.5],"texture":"#4","cullface":"north"},"east":{"uv":[8,8,16,11.5],"texture":"#4","cullface":"east"},"south":{"uv":[8,8,16,11.5],"texture":"#4","cullface":"south"},"west":{"uv":[8,8,16,11.5],"texture":"#4","cullface":"west"},"up":{"uv":[0,0,8,8],"texture":"#4"},"down":{"uv":[0,0,16,16],"texture":"#6","cullface":"down"}}},{"name":"port_right","from":[-0.01,3,4],"to":[0.99,11,12],"faces":{"north":{"uv":[0,0,1,8],"texture":"#3"},"east":{"uv":[0,8,8,16],"texture":"#3"},"south":{"uv":[7,0,8,8],"texture":"#3"},"west":{"uv":[0,0,8,8],"texture":"#3","cullface":"west"},"up":{"uv":[0,0,1,8],"texture":"#3"}}},{"name":"port_right_led","from":[-0.01,3,4],"to":[-0.01,11,12],"faces":{"west":{"uv":[0,0,8,8],"texture":"#0","cullface":"west","emissivity":15}}},{"name":"port_left","from":[15.01,3.01,3],"to":[16.01,13.01,13],"faces":{"north":{"uv":[0,0,0.5,5],"texture":"#1"},"east":{"uv":[0,0,5,5],"texture":"#1","cullface":"east"},"south":{"uv":[0,0,0.5,5],"texture":"#1"},"west":{"uv":[0,5.5,5,10.5],"texture":"#1"},"up":{"uv":[0,0,0.5,5],"texture":"#1"}}},{"name":"port_left_led","from":[16.01,3.01,3],"to":[16.01,13.01,13],"faces":{"east":{"uv":[0,0,5,5],"texture":"#2","cullface":"east","emissivity":15}}},{"name":"back","from":[0,7,15],"to":[16,15,16],"faces":{"north":{"uv":[8,11.5,16,15.5],"texture":"#5"},"east":{"uv":[0,8.5,0.5,12.5],"texture":"#5","cullface":"east"},"south":{"uv":[0,8.5,8,12.5],"texture":"#5","cullface":"south"},"west":{"uv":[7.5,8.5,8,12.5],"texture":"#5","cullface":"west"}}},{"name":"back_wall","from":[1,7,14],"to":[15,15,15],"faces":{"north":{"uv":[1,11.5,8,15.5],"texture":"#4"},"east":{"uv":[1,11.5,1.5,15.5],"texture":"#4"},"west":{"uv":[7.5,11.5,8,15.5],"texture":"#4"}}},{"name":"top","from":[0,15,0],"to":[16,16,16],"faces":{"north":{"uv":[0,7.5,8,8],"texture":"#5","cullface":"north"},"east":{"uv":[0,7.5,8,8],"texture":"#5","cullface":"east"},"south":{"uv":[0,8,8,8.5],"texture":"#5","cullface":"south"},"west":{"uv":[8,7.5,16,8],"texture":"#5","cullface":"west"},"up":{"uv":[0,8,8,16],"rotation":180,"texture":"#5","cullface":"up"},"down":{"uv":[8,8,16,16],"rotation":180,"texture":"#5"}}},{"name":"middle","from":[0,12,0],"to":[16,13,15],"faces":{"north":{"uv":[0,7,8,7.5],"texture":"#5","cullface":"north"},"east":{"uv":[0.5,7,8,7.5],"texture":"#5","cullface":"east"},"west":{"uv":[0,7,7.5,7.5],"texture":"#5","cullface":"west"},"up":{"uv":[8,8,16,15.5],"texture":"#5"},"down":{"uv":[8,0,16,7.5],"rotation":180,"texture":"#5"}}},{"name":"container","from":[3,7,3],"to":[13,10,14],"faces":{"north":{"uv":[8,5.5,13,7],"texture":"#4"},"east":{"uv":[8,5.5,13,7],"texture":"#4"},"west":{"uv":[8,5.5,13.5,7],"texture":"#4"},"up":{"uv":[8,0,13,5.5],"texture":"#4"}}},{"name":"vat","from":[4,13,4],"to":[12,15,14],"faces":{"north":{"uv":[9,7,13,8],"texture":"#4"},"east":{"uv":[8.5,7,13.5,8],"texture":"#4"},"west":{"uv":[8.5,7,13.5,8],"texture":"#4"}}},{"name":"support_1","from":[1,13,1],"to":[2,15,2],"faces":{"north":{"uv":[7.5,9,8,10],"texture":"#4"},"east":{"uv":[7.5,9,8,10],"texture":"#4"},"south":{"uv":[7.5,9,8,10],"texture":"#4"},"west":{"uv":[7.5,9,8,10],"texture":"#4"}}},{"name":"support_2","from":[14,13,1],"to":[15,15,2],"faces":{"north":{"uv":[8,9,8.5,10],"texture":"#4"},"east":{"uv":[8,9,8.5,10],"texture":"#4"},"south":{"uv":[8,9,8.5,10],"texture":"#4"},"west":{"uv":[8,9,8.5,10],"texture":"#4"}}},{"name":"nozzle_1","from":[4,11,5],"to":[6,12,7],"faces":{"north":{"uv":[8,9,8.5,10],"texture":"#4"},"east":{"uv":[8,9,8.5,10],"texture":"#4"},"south":{"uv":[8,9,8.5,10],"texture":"#4"},"west":{"uv":[8,9,8.5,10],"texture":"#4"},"down":{"uv":[8,9,8.5,10],"texture":"#4"}}},{"name":"nozzle_2","from":[4,11,8],"to":[6,12,10],"faces":{"north":{"uv":[8,9,8.5,10],"texture":"#4"},"east":{"uv":[8,9,8.5,10],"texture":"#4"},"south":{"uv":[8,9,8.5,10],"texture":"#4"},"west":{"uv":[8,9,8.5,10],"texture":"#4"},"down":{"uv":[8,9,8.5,10],"texture":"#4"}}},{"name":"nozzle_3","from":[4,11,11],"to":[6,12,13],"faces":{"north":{"uv":[8,9,8.5,10],"texture":"#4"},"east":{"uv":[8,9,8.5,10],"texture":"#4"},"south":{"uv":[8,9,8.5,10],"texture":"#4"},"west":{"uv":[8,9,8.5,10],"texture":"#4"},"down":{"uv":[8,9,8.5,10],"texture":"#4"}}},{"name":"nozzle_4","from":[7,11,5],"to":[9,12,7],"faces":{"north":{"uv":[8,9,8.5,10],"texture":"#4"},"east":{"uv":[8,9,8.5,10],"texture":"#4"},"south":{"uv":[8,9,8.5,10],"texture":"#4"},"west":{"uv":[8,9,8.5,10],"texture":"#4"},"down":{"uv":[8,9,8.5,10],"texture":"#4"}}},{"name":"nozzle_5","from":[7,11,8],"to":[9,12,10],"faces":{"north":{"uv":[8,9,8.5,10],"texture":"#4"},"east":{"uv":[8,9,8.5,10],"texture":"#4"},"south":{"uv":[8,9,8.5,10],"texture":"#4"},"west":{"uv":[8,9,8.5,10],"texture":"#4"},"down":{"uv":[8,9,8.5,10],"texture":"#4"}}},{"name":"nozzle_6","from":[7,11,11],"to":[9,12,13],"faces":{"north":{"uv":[8,9,8.5,10],"texture":"#4"},"east":{"uv":[8,9,8.5,10],"texture":"#4"},"south":{"uv":[8,9,8.5,10],"texture":"#4"},"west":{"uv":[8,9,8.5,10],"texture":"#4"},"down":{"uv":[8,9,8.5,10],"texture":"#4"}}},{"name":"nozzle_7","from":[10,11,5],"to":[12,12,7],"faces":{"north":{"uv":[8,9,8.5,10],"texture":"#4"},"east":{"uv":[8,9,8.5,10],"texture":"#4"},"south":{"uv":[8,9,8.5,10],"texture":"#4"},"west":{"uv":[8,9,8.5,10],"texture":"#4"},"down":{"uv":[8,9,8.5,10],"texture":"#4"}}},{"name":"nozzle_8","from":[10,11,8],"to":[12,12,10],"faces":{"north":{"uv":[8,9,8.5,10],"texture":"#4"},"east":{"uv":[8,9,8.5,10],"texture":"#4"},"south":{"uv":[8,9,8.5,10],"texture":"#4"},"west":{"uv":[8,9,8.5,10],"texture":"#4"},"down":{"uv":[8,9,8.5,10],"texture":"#4"}}},{"name":"nozzle_9","from":[10,11,11],"to":[12,12,13],"faces":{"north":{"uv":[8,9,8.5,10],"texture":"#4"},"east":{"uv":[8,9,8.5,10],"texture":"#4"},"south":{"uv":[8,9,8.5,10],"texture":"#4"},"west":{"uv":[8,9,8.5,10],"texture":"#4"},"down":{"uv":[8,9,8.5,10],"texture":"#4"}}}]},"translucent":{"render_type":"minecraft:translucent","textures":{"7":"mekanism:block/glass"},"elements":[{"name":"glass","from":[1,7,1],"to":[15,12,14],"faces":{"north":{"uv":[0,0,14,5],"texture":"#7"},"east":{"uv":[0,0,13,5],"texture":"#7"},"west":{"uv":[3,0,16,5],"texture":"#7"}}}]}}}