{"credit":"Model by CyanideX","parent":"block/cube_all","textures":{"2":"mekanism:block/models/metallurgic_infuser_elements","all":"mekanism:block/models/metallurgic_infuser","particle":"mekanism:block/steel_casing"},"elements":[{"name":"connector1","from":[11,11,5],"to":[12,16,8],"faces":{"north":{"uv":[2,0,2.5,2.5],"texture":"#all"},"east":{"uv":[2.5,0,4,2.5],"texture":"#all"},"west":{"uv":[2.5,0,4,2.5],"texture":"#all"},"up":{"uv":[1,0,2.5,0.5],"rotation":90,"texture":"#all","cullface":"up"}}},{"name":"connector2","from":[4,11,5],"to":[5,16,8],"faces":{"north":{"uv":[2,0,2.5,2.5],"texture":"#all"},"east":{"uv":[2.5,0,4,2.5],"texture":"#all"},"west":{"uv":[2.5,0,4,2.5],"texture":"#all"},"up":{"uv":[1,0,2.5,0.5],"rotation":90,"texture":"#all","cullface":"up"}}},{"name":"divider","from":[2,7,2],"to":[14,8,8],"faces":{"north":{"uv":[1,4,7,4.5],"texture":"#2"},"east":{"uv":[4,4,7,4.5],"texture":"#2"},"west":{"uv":[1,4,4,4.5],"texture":"#2"}}},{"name":"base","from":[0,0,0],"to":[16,4,16],"faces":{"north":{"uv":[0,6,8,8],"texture":"#2","cullface":"north"},"east":{"uv":[8,6,0,8],"texture":"#all","cullface":"east"},"south":{"uv":[0,14,8,16],"texture":"#all","cullface":"south"},"west":{"uv":[0,6,8,8],"texture":"#all","cullface":"west"},"up":{"uv":[8,8,16,16],"texture":"#all"},"down":{"uv":[8,8,16,16],"texture":"#all","cullface":"down"}}},{"name":"back","from":[0,4,8],"to":[16,16,16],"faces":{"north":{"uv":[0,8,8,14],"texture":"#2"},"east":{"uv":[4,0,8,6],"texture":"#all","cullface":"east"},"south":{"uv":[0,8,8,14],"texture":"#all","cullface":"south"},"west":{"uv":[4,0,8,6],"texture":"#all","cullface":"west"},"up":{"uv":[8,0,16,4],"texture":"#all","cullface":"up"}}},{"name":"plate_top","from":[1,12,1],"to":[15,15,8],"faces":{"north":{"uv":[0.5,0.5,7.5,2],"texture":"#2"},"east":{"uv":[4,0.5,0.5,2],"texture":"#all"},"west":{"uv":[0.5,0.5,4,2],"texture":"#all"},"up":{"uv":[8.5,7.5,15.5,4],"texture":"#all"},"down":{"uv":[8.5,4,15.5,0.5],"texture":"#2"}}},{"name":"plate_middle","from":[1,8,1],"to":[15,11,8],"faces":{"north":{"uv":[0.5,2.5,7.5,4],"texture":"#2"},"east":{"uv":[4,2.5,0.5,4],"texture":"#all"},"west":{"uv":[0.5,2.5,4,4],"texture":"#all"},"up":{"uv":[8.5,7.5,15.5,4],"texture":"#2"},"down":{"uv":[8.5,4,15.5,0.5],"texture":"#2"}}},{"name":"plate_bottom","from":[1,4,1],"to":[15,7,8],"faces":{"north":{"uv":[0.5,4.5,7.5,6],"texture":"#2"},"east":{"uv":[4,4.5,0.5,6],"texture":"#all"},"west":{"uv":[0.5,4.5,4,6],"texture":"#all"},"up":{"uv":[8.5,7.5,15.5,4],"texture":"#2"}}},{"name":"bar1","from":[13,11,2],"to":[14,12,3],"faces":{"north":{"uv":[0.125,0.125,0.25,0.25],"texture":"#all"},"east":{"uv":[0,0.125,0.125,0.25],"texture":"#all"},"south":{"uv":[0.375,0.125,0.5,0.25],"texture":"#all"},"west":{"uv":[0.25,0.125,0.375,0.25],"texture":"#all"}}},{"name":"bar2","from":[2,11,2],"to":[3,12,3],"faces":{"north":{"uv":[0.125,0.125,0.25,0.25],"texture":"#all"},"east":{"uv":[0,0.125,0.125,0.25],"texture":"#all"},"south":{"uv":[0.375,0.125,0.5,0.25],"texture":"#all"},"west":{"uv":[0.25,0.125,0.375,0.25],"texture":"#all"}}}]}