{"parent":"block/cube_all","textures":{"0":"mekanism:block/models/ports","2":"mekanism:block/models/modification_station","3":"mekanism:block/models/leds","4":"mekanism:block/models/ports_led","particle":"mekanism:block/models/modification_station"},"render_type":"minecraft:cutout","elements":[{"name":"desk_top","from":[-16,13,0],"to":[16,16,16],"faces":{"north":{"uv":[0,4.25,8,5],"texture":"#2"},"east":{"uv":[12,4.25,16,5],"texture":"#2"},"south":{"uv":[0,8.25,8,9],"texture":"#2"},"west":{"uv":[8,4.25,12,5],"texture":"#2"},"up":{"uv":[0,12,8,16],"texture":"#2"},"down":{"uv":[0,12,8,16],"texture":"#2"}}},{"name":"desk_part1","from":[13,0,0],"to":[16,13,3],"faces":{"north":{"uv":[0,5,0.75,8.25],"texture":"#2","cullface":"north"},"east":{"uv":[4,5,3.25,8.25],"texture":"#2","cullface":"east"},"south":{"uv":[0,5,0.75,8.25],"texture":"#2"},"west":{"uv":[0,5,0.75,8.25],"texture":"#2"},"down":{"uv":[15.25,15.25,16,16],"texture":"#2","cullface":"down"}}},{"name":"desk_part2","from":[0,0,0],"to":[3,13,3],"faces":{"north":{"uv":[3.25,5,4,8.25],"texture":"#2","cullface":"north"},"east":{"uv":[0,5,0.75,8.25],"texture":"#2"},"west":{"uv":[0,5,0.75,8.25],"texture":"#2"},"down":{"uv":[14.5,15.25,15.25,16],"texture":"#2","cullface":"down"}}},{"name":"desk_part3","from":[-16,8,0],"to":[0,11,16],"faces":{"north":{"uv":[4,5.5,8,6.25],"texture":"#2"},"south":{"uv":[8,4.25,4,5],"texture":"#2"},"west":{"uv":[8,5.5,12,6.25],"texture":"#2"},"up":{"uv":[0,12,4,16],"texture":"#2"},"down":{"uv":[0,12,4,16],"texture":"#2"}}},{"name":"desk_part4","from":[0,8,3],"to":[16,11,16],"faces":{"north":{"uv":[0.75,5.5,3.25,6.25],"texture":"#2"},"east":{"uv":[12,5.5,15.25,6.25],"texture":"#2","cullface":"east"},"south":{"uv":[4,5.5,8,6.25],"texture":"#2","cullface":"south"},"up":{"uv":[4,12.75,8,16],"texture":"#2"},"down":{"uv":[4,12,8,15.25],"texture":"#2"}}},{"name":"desk_part5","from":[0,0,3],"to":[16,6,16],"faces":{"north":{"uv":[0.75,6.75,3.25,8.25],"texture":"#2"},"east":{"uv":[12,6.75,15.25,8.25],"texture":"#2","cullface":"east"},"south":{"uv":[4,9,8,10.5],"texture":"#2","cullface":"south"},"up":{"uv":[12,15.75,12.5,16],"texture":"#2"},"down":{"uv":[12,12,16,15.25],"texture":"#2","cullface":"down"}}},{"name":"desk_part6","from":[-16,0,0],"to":[0,6,16],"faces":{"north":{"uv":[4,6.75,8,8.25],"texture":"#2"},"south":{"uv":[0,9,4,10.5],"texture":"#2"},"west":{"uv":[8,6.75,12,8.25],"texture":"#2"},"up":{"uv":[8,12,12,16],"texture":"#2"},"down":{"uv":[8,12,12,16],"texture":"#2"}}},{"name":"desk_filler_right_top","from":[-15,11,1],"to":[0,13,15],"faces":{"north":{"uv":[11.5,5,15.25,5.5],"texture":"#2"},"south":{"uv":[8,5,11.75,5.5],"texture":"#2"},"west":{"uv":[4,5,7.5,5.5],"texture":"#2"}}},{"name":"desk_filler_right_bottom","from":[-15,6,1],"to":[0,8,15],"faces":{"north":{"uv":[11.5,6.25,15.25,6.75],"texture":"#2"},"south":{"uv":[8,6.25,11.75,6.75],"texture":"#2"},"west":{"uv":[4,6.25,7.5,6.75],"texture":"#2"}}},{"name":"desk_filler_left_top","from":[0,11,3],"to":[15,13,15],"faces":{"north":{"uv":[0.75,5,3.25,5.5],"texture":"#2"},"east":{"uv":[12,5,15.25,5.5],"texture":"#2"},"south":{"uv":[8,5,11.75,5.5],"texture":"#2"}}},{"name":"desk_filler_left_bottom","from":[0,6,3],"to":[15,8,15],"faces":{"north":{"uv":[0.75,6.25,3.25,6.75],"texture":"#2"},"east":{"uv":[12,6.25,15.25,6.75],"texture":"#2"},"south":{"uv":[8.25,6.25,12,6.75],"texture":"#2"}}},{"name":"monitor","from":[1,17.5,10.5],"to":[15,25.5,12.5],"rotation":{"angle":22.5,"axis":"x","origin":[8,21,11.5]},"faces":{"north":{"uv":[0,0,3.5,2],"rotation":180,"texture":"#2"},"east":{"uv":[4,0,3.5,2],"texture":"#2"},"south":{"uv":[4,0,7.5,2],"texture":"#2"},"west":{"uv":[3.5,0,4,2],"texture":"#2"},"up":{"uv":[0,2,3.5,2.5],"texture":"#2"},"down":{"uv":[0,2,3.5,2.5],"rotation":180,"texture":"#2"}}},{"name":"led","from":[2,17,11],"to":[3,18,12],"shade":false,"rotation":{"angle":22.5,"axis":"x","origin":[8,21,11.5]},"faces":{"north":{"uv":[0,0,2,2],"rotation":180,"texture":"#3","emissivity":15},"east":{"uv":[0,0,2,2],"rotation":180,"texture":"#3","emissivity":15},"south":{"uv":[0,0,2,2],"rotation":180,"texture":"#3","emissivity":15},"west":{"uv":[0,0,2,2],"rotation":180,"texture":"#3","emissivity":15},"down":{"uv":[0,0,2,2],"rotation":180,"texture":"#3","emissivity":15}}},{"name":"keyboard","from":[2,15,1],"to":[14,17,7],"faces":{"north":{"uv":[0,4,3,4.25],"texture":"#2"},"east":{"uv":[3,2.5,3.25,4],"texture":"#2"},"south":{"uv":[0,4,3,4.25],"texture":"#2"},"west":{"uv":[3,2.5,3.25,4],"texture":"#2"},"up":{"uv":[0,2.5,3.25,4],"texture":"#2"}}},{"name":"monitor_stand_arm","from":[6,16,11],"to":[10,22,13],"faces":{"north":{"uv":[7.5,0,8.5,1.5],"texture":"#2"},"east":{"uv":[8.5,0,9,1.5],"texture":"#2"},"south":{"uv":[7.5,0,8.5,1.5],"texture":"#2"},"west":{"uv":[8.5,0,9,1.5],"texture":"#2"}}},{"name":"monitor_stand_base","from":[5,16,10],"to":[11,17,14],"faces":{"north":{"uv":[10,1.25,11.5,1.5],"texture":"#2"},"east":{"uv":[9,1.25,10,1.5],"texture":"#2"},"south":{"uv":[10,1.25,11.5,1.5],"texture":"#2"},"west":{"uv":[9,1.25,10,1.5],"texture":"#2"},"up":{"uv":[9,0,10.5,1],"texture":"#2"}}},{"name":"modifier_base","from":[-14,16,2],"to":[-1,17,14],"faces":{"north":{"uv":[8,11.25,11.25,11.5],"texture":"#2"},"east":{"uv":[11.25,8.25,11.5,11.25],"texture":"#2"},"south":{"uv":[8,11.25,11.25,11.5],"texture":"#2"},"west":{"uv":[11.25,8.25,11.5,11.25],"texture":"#2"},"up":{"uv":[8,8.25,11.25,11.25],"rotation":180,"texture":"#2"}}},{"name":"modifier_arm_right1","from":[-14,16,14],"to":[-11,30,16],"faces":{"north":{"uv":[12.75,10.75,13.5,11.25],"texture":"#2"},"east":{"uv":[12.75,8.25,13.25,11.5],"texture":"#2"},"south":{"uv":[12,8.5,12.75,12],"texture":"#2"},"west":{"uv":[15.5,8.25,16,11.5],"texture":"#2"},"up":{"uv":[12.75,10.75,13.5,11.25],"texture":"#2"}}},{"name":"modifier_arm_right2","from":[-14,6,14.005],"to":[-11,16,16.005],"faces":{"east":{"uv":[12.75,8.25,13.25,11.5],"texture":"#2"},"south":{"uv":[12,9,12.75,11.5],"texture":"#2"},"west":{"uv":[15.5,8.25,16,11.5],"texture":"#2"},"up":{"uv":[12.75,10.75,13.5,11.25],"texture":"#2"},"down":{"uv":[12.75,10.75,13.5,11.25],"texture":"#2"}}},{"name":"modifier_arm_left1","from":[-4,16,14],"to":[-1,30,16],"faces":{"north":{"uv":[15.25,10.75,16,11.25],"texture":"#2"},"east":{"uv":[12.75,8.25,13.25,11.5],"texture":"#2"},"south":{"uv":[12,8.5,12.75,12],"texture":"#2"},"west":{"uv":[15.5,8.25,16,11.5],"texture":"#2"},"up":{"uv":[15.25,10.75,16,11.25],"texture":"#2"}}},{"name":"modifier_arm_left2","from":[-4,6,14.005],"to":[-1,16,16.005],"faces":{"east":{"uv":[12.75,8.25,13.25,11.5],"texture":"#2"},"south":{"uv":[12,9,12.75,11.5],"texture":"#2"},"west":{"uv":[15.5,8.25,16,11.5],"texture":"#2"},"up":{"uv":[15.25,10.75,16,11.25],"texture":"#2"},"down":{"uv":[15.25,10.75,16,11.25],"texture":"#2"}}},{"name":"modifier_probe_right","from":[-11,23,8],"to":[-10,27,9],"faces":{"north":{"uv":[15.75,1.75,16,2.75],"texture":"#2"},"east":{"uv":[15.75,1.75,16,2.75],"texture":"#2"},"south":{"uv":[15.75,1.75,16,2.75],"texture":"#2"},"west":{"uv":[15.75,1.75,16,2.75],"texture":"#2"}}},{"name":"modifier_probe_right_led","from":[-11,22,8],"to":[-10,23,9],"shade":false,"faces":{"north":{"uv":[0,0,2,2],"texture":"#3","emissivity":15},"east":{"uv":[0,0,2,2],"texture":"#3","emissivity":15},"south":{"uv":[0,0,2,2],"texture":"#3","emissivity":15},"west":{"uv":[0,0,2,2],"texture":"#3","emissivity":15},"down":{"uv":[0,0,2,2],"texture":"#3","emissivity":15}}},{"name":"modifier_probe_left","from":[-5,23,8],"to":[-4,27,9],"faces":{"north":{"uv":[15.75,1.75,16,2.75],"texture":"#2"},"east":{"uv":[15.75,1.75,16,2.75],"texture":"#2"},"south":{"uv":[15.75,1.75,16,2.75],"texture":"#2"},"west":{"uv":[15.75,1.75,16,2.75],"texture":"#2"}}},{"name":"modifier_probe_left_led","from":[-5,22,8],"to":[-4,23,9],"shade":false,"faces":{"north":{"uv":[0,0,2,2],"texture":"#3","emissivity":15},"east":{"uv":[0,0,2,2],"texture":"#3","emissivity":15},"south":{"uv":[0,0,2,2],"texture":"#3","emissivity":15},"west":{"uv":[0,0,2,2],"texture":"#3","emissivity":15},"down":{"uv":[0,0,2,2],"texture":"#3","emissivity":15}}},{"name":"modifier_probe_base","from":[-13,27,7],"to":[-2,28,10],"faces":{"north":{"uv":[13.25,3.25,16,3.5],"texture":"#2"},"east":{"uv":[13.25,4,16,4.25],"texture":"#2"},"south":{"uv":[13.25,4,16,4.25],"texture":"#2"},"west":{"uv":[13.25,4,16,4.25],"texture":"#2"},"down":{"uv":[13.25,4.25,16,3.5],"texture":"#2"}}},{"name":"modifier_arm_top_center","from":[-11,28,6],"to":[-4,30,11],"faces":{"north":{"uv":[7,10.5,8,11],"texture":"#2"},"south":{"uv":[6,10.5,7.25,11],"texture":"#2"},"up":{"uv":[13.5,8.25,15.25,9.5],"texture":"#2"},"down":{"uv":[13.5,8.25,15.25,9.5],"texture":"#2"}}},{"name":"modifier_arm_top_right","from":[-14,28,6],"to":[-11,30,14],"faces":{"north":{"uv":[7.25,10.5,8,11],"texture":"#2"},"east":{"uv":[6,10.5,8,11],"texture":"#2"},"west":{"uv":[6,10.5,8,11],"texture":"#2"},"up":{"uv":[12.75,8.25,13.5,10.25],"texture":"#2"},"down":{"uv":[12.75,10.25,13.5,8.25],"texture":"#2"}}},{"name":"modifier_arm_top_left","from":[-4,28,6],"to":[-1,30,14],"faces":{"north":{"uv":[6,10.5,6.75,11],"texture":"#2"},"east":{"uv":[6,10.5,8,11],"texture":"#2"},"west":{"uv":[6,10.5,8,11],"texture":"#2"},"up":{"uv":[15.25,8.25,16,10.25],"texture":"#2"},"down":{"uv":[15.25,10.25,16,8.25],"texture":"#2"}}},{"name":"energy_port","from":[4,4,15.005],"to":[12,12,16.005],"faces":{"east":{"uv":[7,0,8,8],"texture":"#0"},"south":{"uv":[0,0,8,8],"texture":"#0","cullface":"south"},"west":{"uv":[0,0,1,8],"texture":"#0"},"up":{"uv":[0,0,8,1],"texture":"#0"},"down":{"uv":[0,7,8,8],"texture":"#0"}}},{"name":"energy_port_led","from":[4,4,16.005],"to":[12,12,16.005],"faces":{"south":{"uv":[8,8,16,16],"texture":"#4","cullface":"south","emissivity":15}}}],"display":{"gui":{"rotation":[30,-135,0],"translation":[-2.25,-3.25,0],"scale":[0.37,0.37,0.37]}},"groups":[0,1,2,3,4,5,6,7,8,9,10,{"name":"terminal","origin":[14,21,5],"color":0,"children":[11,12,13,14,15]},{"name":"modifier","origin":[-8,17,8],"color":0,"children":[16,17,18,19,20,21,22,23,24,25,26,27,28]},29,30]}